node,host_time,dev_time,ph,ce,ep,st,exp,err,clk,act,pre,hdr,rxd,toa,rssi,snr,tx_node,tx_plan,tx_start,st_minus_start
c2,2026-09-27T22:28:30.131291+00:00,2000-01-01T23:55:02,0,0,86100026,4275,86100026,304249,COLD,set,4358,4940,5267,992,-17,5,,,,
c2,2026-09-27T22:28:33.059810+00:00,2000-01-01T23:55:04.030500,0,1,86100026,86103024,86103026,-2,ACQ,good,86103097,86103688,86104016,992,-17,5,c3,86103026,86103030,-6
c2,2026-09-27T22:28:36.058008+00:00,2000-01-01T23:55:07.028500,0,2,86100026,86106024,86106026,-2,ACQ,good,86106097,86106688,86107016,992,-17,6,c3,86106026,86106030,-6
c2,2026-09-27T22:29:00.057754+00:00,2000-01-01T23:55:31.028800,1,0,86130026,86130024,86130026,-2,WARM,t1,86130099,86130688,86131016,992,-16,5,c3,86130026,86130030,-6
c2,2026-09-27T22:29:30.056878+00:00,2000-01-01T23:56:01.029000,0,0,86160026,86160024,86160026,-2,WARM,t1,86160097,86160689,86161016,992,-15,5,c3,86160026,86160030,-6
c2,2026-09-27T22:30:00.055399+00:00,2000-01-01T23:56:31.029200,1,0,86190026,86190024,86190026,-2,WARM,t1,86190097,86190689,86191016,992,-16,6,c3,86190026,86190030,-6
c2,2026-09-27T22:30:30.056274+00:00,2000-01-01T23:57:01.029500,0,0,86220026,86220025,86220026,-1,WARM,t1,86220097,86220689,86221017,992,-16,6,c3,86220026,86220030,-5
c2,2026-09-27T22:31:00.056798+00:00,2000-01-01T23:57:31.029700,1,0,86250026,86250025,86250026,-1,WARM,t1,86250097,86250689,86251017,992,-16,6,c3,86250026,86250030,-5
c2,2026-09-27T22:31:30.053443+00:00,2000-01-01T23:58:01.030000,0,0,86280026,86280025,86280026,-1,WARM,t1,86280097,86280690,86281017,992,-16,5,c3,86280026,86280030,-5
c2,2026-09-27T22:32:00.056924+00:00,2000-01-01T23:58:31.030200,1,0,86310026,86310025,86310026,-1,WARM,t1,86310097,86310690,86311017,992,-16,6,c3,86310026,86310030,-5
c2,2026-09-27T22:32:30.055852+00:00,2000-01-01T23:59:01.030500,0,0,86340026,86340026,86340026,0,WARM,t1,86340097,86340690,86341018,992,-16,5,c3,86340026,86340030,-4
c2,2026-09-27T22:33:00.054377+00:00,2000-01-01T23:59:31.030700,1,0,86370026,86370026,86370026,0,WARM,t1,86370097,86370690,86371018,992,-13,6,c3,86370026,86370030,-4
c2,2026-09-27T22:33:30.011205+00:00,2000-01-02T00:00:01.027500,0,0,26,26,26,0,WARM,t1,95,690,1018,992,-14,5,c3,26,30,-4
c2,2026-09-27T22:34:00.031040+00:00,2000-01-02T00:00:31.028800,1,0,30026,30026,30026,0,WARM,t1,30095,30691,31018,992,-15,5,c3,30026,30030,-4
c2,2026-09-27T22:34:30.028468+00:00,2000-01-02T00:01:01.029200,0,0,60026,60027,60026,1,WARM,t1,60128,60691,61019,992,-14,5,c3,60026,60030,-3
c2,2026-09-27T22:35:33.038516+00:00,2000-01-02T00:02:04.029700,0,1,120026,123027,123026,1,WARM,t1,123095,123691,124019,992,-16,5,c3,123026,123030,-3
c2,2026-09-27T22:37:30.041058+00:00,2000-01-02T00:04:01.031000,0,0,240026,240028,240026,2,WARM,t1,240128,240692,241020,992,-15,5,c3,240026,240029,-1
